parent,child,type
3eb13b9046685257bdd640fb06671ad1,dc98d2c1e2acf72f9e574f7aa0ee89ae,Consumes::Consumed by
3eb13b9046685257bdd640fb06671ad1,b45ed1f03139d32c93cd59bf5c941cf0,Consumes::Consumed by
ad3c2d6d1a3d1fa7bc8960a923b8c1e9,3a578a8ea9488d990bbb259911ce5dd2,Consumes::Consumed by
ad3c2d6d1a3d1fa7bc8960a923b8c1e9,146d3f31fc377a4c4a15544dc5e7ce8a,Consumes::Consumed by
07a0ca6e0822e8f36c031199972a8469,19db3ad0ddd1dfb23b982ef8daf61a26,Consumes::Consumed by
07a0ca6e0822e8f36c031199972a8469,a2bc372f7412b29347294739614ff3d7,Consumes::Consumed by
9a1de644815ef6d13b8faa1837f8a88b,5ec42e0829a3b2e95d65a441d58842de,Consumes::Consumed by
9a1de644815ef6d13b8faa1837f8a88b,4458a885ab9099a435a240ae5af30553,Consumes::Consumed by
a65ed389b74d0fb132e706298fadc1a6,a5e5a5abaefcfad8efc89849b3aa7efe,Consumes::Consumed by
a65ed389b74d0fb132e706298fadc1a6,2bcfbe01a28defe39bf0027312476f57,Consumes::Consumed by
4737819096da1dac72ff5d2a386ecbe0,29d4beef3eabedcbbaa80dd488bd6407,Consumes::Consumed by
4737819096da1dac72ff5d2a386ecbe0,fd5166e6451b4cf36123fdf77656af72,Consumes::Consumed by
b2b9437a28df6ec4ce4a2bbdc241330b,8e944239b02b61c4a3d70628ece66fa2,Consumes::Consumed by
b2b9437a28df6ec4ce4a2bbdc241330b,d7c524a55304317faf42e12f3838b326,Consumes::Consumed by
371ecd7b27cd813047229389571aa876,3aa2e4f90e51f30dc6a7ee39c4b032cc,Consumes::Consumed by
371ecd7b27cd813047229389571aa876,50c187fcce177b4e0837b8a3d261a7ab,Consumes::Consumed by
18c267976142ea7d17be31111a2a73ed,3602f8ac10f1bc81448aaa9e66b2bc5b,Consumes::Consumed by
18c267976142ea7d17be31111a2a73ed,e059a0ee9132b63ef16287e4e9c349e0,Consumes::Consumed by
43b7a3a69a8dca03580d7b71d8f56413,a7cad415366eb16f508ebad7b7c93acf,Consumes::Consumed by
43b7a3a69a8dca03580d7b71d8f56413,ea1fca65e27a984d654821d07fcd9eb1,Consumes::Consumed by
1ff49b7889463e85759cde66bacfb3d0,43cf2fde24933b83757750a9a491f0b2,Consumes::Consumed by
1ff49b7889463e85759cde66bacfb3d0,8fb5d27bbeb799193f22faf823bed01d,Consumes::Consumed by
dc98d2c1e2acf72f9e574f7aa0ee89ae,3bf2025f4a0d2b73fe54ee4b80ff5173,Depends on::Used by
b45ed1f03139d32c93cd59bf5c941cf0,8dcdcd03969b666205628059568cc69b,Depends on::Used by
3a578a8ea9488d990bbb259911ce5dd2,f6e39356a8149562da003f16b9469bcf,Depends on::Used by
146d3f31fc377a4c4a15544dc5e7ce8a,c03f3538e4855aa1016b6287b00805cc,Depends on::Used by
19db3ad0ddd1dfb23b982ef8daf61a26,340029c3ea11905b51facefad6f89f7a,Depends on::Used by
a2bc372f7412b29347294739614ff3d7,52380bf24988e418f6c31218c1836315,Depends on::Used by
5ec42e0829a3b2e95d65a441d58842de,03802b708d03c91e4f8d5238288b78b5,Depends on::Used by
4458a885ab9099a435a240ae5af30553,3c835dc0d9441fa5c0e9ab30ed2662e9,Depends on::Used by
a5e5a5abaefcfad8efc89849b3aa7efe,cc4d58194b9dfd589e5d9c7ac5acc354,Depends on::Used by
2bcfbe01a28defe39bf0027312476f57,ffe575f665edcfe34f2dad3f10d4de39,Depends on::Used by
29d4beef3eabedcbbaa80dd488bd6407,445dcc38341c64940d366dfcc28ebd70,Depends on::Used by
fd5166e6451b4cf36123fdf77656af72,83f02dc74f612217eef1669450cae32d,Depends on::Used by
8e944239b02b61c4a3d70628ece66fa2,9ae77eab084a67809136f1f8f31046dc,Depends on::Used by
d7c524a55304317faf42e12f3838b326,1d181ee986ad8a8c6bc4123ebde13c1b,Depends on::Used by
3aa2e4f90e51f30dc6a7ee39c4b032cc,980402a2b07aa066735435ea68949b8d,Depends on::Used by
50c187fcce177b4e0837b8a3d261a7ab,25440fe06e417d475ff595ea5bc440f1,Depends on::Used by
3602f8ac10f1bc81448aaa9e66b2bc5b,8e96922772e76b516e54ac6d2ff8e87e,Depends on::Used by
e059a0ee9132b63ef16287e4e9c349e0,cac4d0eb3373730efc31a5971f119c0f,Depends on::Used by
a7cad415366eb16f508ebad7b7c93acf,7d7ddbedd284476c6b88f83dd97dc9cd,Depends on::Used by
ea1fca65e27a984d654821d07fcd9eb1,8c32bdb2d42a895e0fcf601f1cb9b73a,Depends on::Used by
95a76d79bf3c4c06434308bc89fa6a68,aab07015a3422e509e2a73240f79a8a7,Depends on::Used by
663f1c97956269f0e5d7b8756dadd6c7,236c7b8714a0bccb8a476a87e49d681d,Depends on::Used by
dc98d2c1e2acf72f9e574f7aa0ee89ae,8da5d39b42c217970426fcc9255b30e2,Depends on::Used by
b45ed1f03139d32c93cd59bf5c941cf0,cfd01cbd5f65c8cebd21bc11be9d61ee,Depends on::Used by
3a578a8ea9488d990bbb259911ce5dd2,f1fac6e7170d750705eee1d47f53a88e,Depends on::Used by
146d3f31fc377a4c4a15544dc5e7ce8a,2ced3c0d317304b5c1dd484aaca58d95,Depends on::Used by
19db3ad0ddd1dfb23b982ef8daf61a26,2bdfcb41b3eda8f1026b5383a301ec03,Depends on::Used by
a2bc372f7412b29347294739614ff3d7,d3fbe043af1d5a1a4ccb235539d1c7ff,Depends on::Used by
5ec42e0829a3b2e95d65a441d58842de,6cedd15d58007c0287ea7ff58db06746,Depends on::Used by
4458a885ab9099a435a240ae5af30553,1b656dab2de46e91e8e6e840f090f5a0,Depends on::Used by
a5e5a5abaefcfad8efc89849b3aa7efe,548e1f6b69ce1e4e19a692c90d700ea4,Depends on::Used by
2bcfbe01a28defe39bf0027312476f57,1a2bd69c450f69eec2e79a985c238d8d,Depends on::Used by
29d4beef3eabedcbbaa80dd488bd6407,9c4ffb4671b701aaf836f5713ccec76c,Depends on::Used by
fd5166e6451b4cf36123fdf77656af72,530ac1c7b8ba83684fc777685ebbcca5,Depends on::Used by
8e944239b02b61c4a3d70628ece66fa2,ab0e664e9c3eb2d591e1aa9676f72255,Depends on::Used by
d7c524a55304317faf42e12f3838b326,ccc429038bcf53a1bc10fa52bf5d2fdf,Depends on::Used by
3aa2e4f90e51f30dc6a7ee39c4b032cc,d6d441cc195d82f8ee4a9b5d519554e3,Depends on::Used by
50c187fcce177b4e0837b8a3d261a7ab,c696f5e64944051be726be23e776b886,Depends on::Used by
3602f8ac10f1bc81448aaa9e66b2bc5b,75eb89c23f5cf2f33acb43a3d2c7bffb,Depends on::Used by
e059a0ee9132b63ef16287e4e9c349e0,22bae10e899ca782e3236d1a3c1bdacc,Depends on::Used by
a7cad415366eb16f508ebad7b7c93acf,2f1dc1217d024c6d8bea75c1b86677aa,Depends on::Used by
ea1fca65e27a984d654821d07fcd9eb1,cd5f4822696608aaee49f329c84a7b28,Depends on::Used by
95a76d79bf3c4c06434308bc89fa6a68,33baba8836c7d6fa7aa4f052bf519362,Depends on::Used by
663f1c97956269f0e5d7b8756dadd6c7,37fe032c0257185126a9e100b509109b,Depends on::Used by
dc98d2c1e2acf72f9e574f7aa0ee89ae,a53bc024d1a69d87f54e2019ba35844e,Depends on::Used by
b45ed1f03139d32c93cd59bf5c941cf0,9e3c5a886aa56e6d92779574c4576cc3,Depends on::Used by
3a578a8ea9488d990bbb259911ce5dd2,b8f0188efb37afaecd8563ca193e638d,Depends on::Used by
146d3f31fc377a4c4a15544dc5e7ce8a,945ef2e4088a93ec70d9c9f8c9e26074,Depends on::Used by
19db3ad0ddd1dfb23b982ef8daf61a26,ddf275ebe8a3f341c8819065ba2c98ce,Depends on::Used by
a2bc372f7412b29347294739614ff3d7,315c167a45d8a6ad77d0359e811414f8,Depends on::Used by
5ec42e0829a3b2e95d65a441d58842de,81e5c9f693f277cc1a85910d5a057c11,Depends on::Used by
4458a885ab9099a435a240ae5af30553,43e42caf8181a8cc369147eb89a2688b,Depends on::Used by
a5e5a5abaefcfad8efc89849b3aa7efe,6d4067f450032b3518578bafbac7e2b9,Depends on::Used by
2bcfbe01a28defe39bf0027312476f57,11df12d7dd30de8922f235f2e11b868d,Depends on::Used by
29d4beef3eabedcbbaa80dd488bd6407,8d7dd772608e2f5c6117727067c0518b,Depends on::Used by
fd5166e6451b4cf36123fdf77656af72,7c441fe7ab4220a7474a493b3ceddf2d,Depends on::Used by
8e944239b02b61c4a3d70628ece66fa2,bfc00dc804f64d867866076514f7ce8d,Depends on::Used by
d7c524a55304317faf42e12f3838b326,afbb411aa1235a8c93b7a88612f70c97,Depends on::Used by
3aa2e4f90e51f30dc6a7ee39c4b032cc,f47199869d264599c4dd8df59aec56a8,Depends on::Used by
50c187fcce177b4e0837b8a3d261a7ab,0b2c782a69288e92c68a152fdb23aa8c,Depends on::Used by
3602f8ac10f1bc81448aaa9e66b2bc5b,d85480f0dfcaf0b719b17e80dea4ae17,Depends on::Used by
e059a0ee9132b63ef16287e4e9c349e0,ffa623d0ea9e5c8db1a8b71f491b90e9,Depends on::Used by
a7cad415366eb16f508ebad7b7c93acf,b0946d2a2aa93b436d15f16fb7b8c1a5,Depends on::Used by
ea1fca65e27a984d654821d07fcd9eb1,bb5e4bcf15ed626914296c07f26b4776,Depends on::Used by
95a76d79bf3c4c06434308bc89fa6a68,42999aa40cdf742b2e85cb217631de9d,Depends on::Used by
663f1c97956269f0e5d7b8756dadd6c7,5024bdc6dcb33df313eecdc6ebd14d2c,Depends on::Used by
dc98d2c1e2acf72f9e574f7aa0ee89ae,fadd7ea3aca5e2fdb966442aad238d36,Depends on::Used by
b45ed1f03139d32c93cd59bf5c941cf0,fa740cc8a43afb7ac40d487422ab7752,Depends on::Used by
3a578a8ea9488d990bbb259911ce5dd2,4f40c22f15b02530f020e992b576255e,Depends on::Used by
146d3f31fc377a4c4a15544dc5e7ce8a,c8fe3ccdc8b8d9c6ed3049cf43e458fc,Depends on::Used by
19db3ad0ddd1dfb23b982ef8daf61a26,b963f37f67814c1fcc530e36addc3e13,Depends on::Used by
a2bc372f7412b29347294739614ff3d7,5c11ab6d42f5b3f54ef4c34d5bf86f3c,Depends on::Used by
5ec42e0829a3b2e95d65a441d58842de,c8cce2c2a518a4186f14b3f6d867888b,Depends on::Used by
4458a885ab9099a435a240ae5af30553,9ea9f508312275923db02235261e2555,Depends on::Used by
a5e5a5abaefcfad8efc89849b3aa7efe,f4e9573450521700607796a38685abaa,Depends on::Used by
2bcfbe01a28defe39bf0027312476f57,76f186abaf475b49c775e395d49405f0,Depends on::Used by
29d4beef3eabedcbbaa80dd488bd6407,782a65e048ca765192f5df7b0323d342,Depends on::Used by
fd5166e6451b4cf36123fdf77656af72,45c45a3ee9da484a80759f1f87e5f0fe,Depends on::Used by
8e944239b02b61c4a3d70628ece66fa2,ce9e1a11fcbb4e59fbddcf7c9c96e9ec,Depends on::Used by
d7c524a55304317faf42e12f3838b326,3e2bf9c9636f6e5c2253e70687ad8b26,Depends on::Used by
3aa2e4f90e51f30dc6a7ee39c4b032cc,277b06674499d0a61500717012d15585,Depends on::Used by
50c187fcce177b4e0837b8a3d261a7ab,3ae2802354720d2d32399ffb27046f25,Depends on::Used by
3602f8ac10f1bc81448aaa9e66b2bc5b,9767490046510367cbdc43184d85a3d2,Depends on::Used by
e059a0ee9132b63ef16287e4e9c349e0,68a51c68632dbb5e486bb6bfeafde7d9,Depends on::Used by
a7cad415366eb16f508ebad7b7c93acf,dd39d7936257a4a2f204be894a4b5563,Depends on::Used by
ea1fca65e27a984d654821d07fcd9eb1,6a662fce7089fc6d2877f5d90f5675f8,Depends on::Used by
95a76d79bf3c4c06434308bc89fa6a68,f295456e19675f06bd767e35f5c9b047,Depends on::Used by
663f1c97956269f0e5d7b8756dadd6c7,13075157d8c128e7d6cd315508a8ac7f,Depends on::Used by
dc98d2c1e2acf72f9e574f7aa0ee89ae,28e333b64e8adc4b772420411e43fbd2,Depends on::Used by
b45ed1f03139d32c93cd59bf5c941cf0,379efc6e5edb0d3cb0b63bcf08601833,Depends on::Used by
3a578a8ea9488d990bbb259911ce5dd2,f5b78cc7e6b3c944cb323e357922bac2,Depends on::Used by
146d3f31fc377a4c4a15544dc5e7ce8a,741423b50e3e25f2cf0671c7720b274b,Depends on::Used by
19db3ad0ddd1dfb23b982ef8daf61a26,b380c73a989d9d4ae15ca6664797b2c9,Depends on::Used by
a2bc372f7412b29347294739614ff3d7,0a3450fc9918ee461497d6587010f719,Depends on::Used by
5ec42e0829a3b2e95d65a441d58842de,5fa5e0aa9b11b530fd247c11bf6b8cdf,Depends on::Used by
4458a885ab9099a435a240ae5af30553,45f8c28da255e1bb07958c1f538d6b8c,Depends on::Used by
a5e5a5abaefcfad8efc89849b3aa7efe,bfbeac7aefc597382fb21e667ed17aab,Depends on::Used by
2bcfbe01a28defe39bf0027312476f57,00d4af5974273ca3287d06ca6f4cc69a,Depends on::Used by
29d4beef3eabedcbbaa80dd488bd6407,465568b7b8e19f568787ea2104482a22,Depends on::Used by
fd5166e6451b4cf36123fdf77656af72,a65bb1f265c17795b15516bc9f8ded97,Depends on::Used by
8e944239b02b61c4a3d70628ece66fa2,2ef912766c006f6123e2fcb472d8567d,Depends on::Used by
d7c524a55304317faf42e12f3838b326,f05eeefe8ece112856ce4b42fc9e1dcb,Depends on::Used by
3aa2e4f90e51f30dc6a7ee39c4b032cc,883f13c601b158e90406ff447ce40679,Depends on::Used by
50c187fcce177b4e0837b8a3d261a7ab,24e9bcfd9647ff9f3508507af622d842,Depends on::Used by
3602f8ac10f1bc81448aaa9e66b2bc5b,94a53fdef10d27c89780c2152b2bb8e9,Depends on::Used by
e059a0ee9132b63ef16287e4e9c349e0,80be7e3561c2645ac733230448223120,Depends on::Used by
a7cad415366eb16f508ebad7b7c93acf,6e3f683abf3c51407f54a51101fa964e,Depends on::Used by
ea1fca65e27a984d654821d07fcd9eb1,1a7f195b73557b9d0fd6f47ef52d4af2,Depends on::Used by
95a76d79bf3c4c06434308bc89fa6a68,beed10b64f6e274bdedab0276550f74a,Depends on::Used by
663f1c97956269f0e5d7b8756dadd6c7,039f3a254d6168bd2defe1935c62b3a2,Depends on::Used by
dc98d2c1e2acf72f9e574f7aa0ee89ae,5563f61600e85ece0b49452d46d483f3,Depends on::Used by
b45ed1f03139d32c93cd59bf5c941cf0,793b4c32205004943d1148022702878b,Depends on::Used by
3a578a8ea9488d990bbb259911ce5dd2,9a5919749adf4709ac75c344608e149e,Depends on::Used by
146d3f31fc377a4c4a15544dc5e7ce8a,892e6161be2d740a1e9b23bc50c7c006,Depends on::Used by
19db3ad0ddd1dfb23b982ef8daf61a26,af36b8cc13087974ec95b3ac0beb7c34,Depends on::Used by
a2bc372f7412b29347294739614ff3d7,fc902838d8741408f7b217c7ae92ea71,Depends on::Used by
5ec42e0829a3b2e95d65a441d58842de,001a9a8bd56f03508c459ce267f48ad5,Depends on::Used by
4458a885ab9099a435a240ae5af30553,fb2ca025adf4e62d6651529e8268690b,Depends on::Used by
a5e5a5abaefcfad8efc89849b3aa7efe,d4ffa66675c8e90d9e3d750df296d9f0,Depends on::Used by
2bcfbe01a28defe39bf0027312476f57,db9465701ac70ec0ab8ddeb45230dfbd,Depends on::Used by
29d4beef3eabedcbbaa80dd488bd6407,951f58d05e84f058d5a804eb093923de,Depends on::Used by
fd5166e6451b4cf36123fdf77656af72,26c432f66b352f85504e268770e7e756,Depends on::Used by
8e944239b02b61c4a3d70628ece66fa2,044251dbd0d4ea6779928faa4cbf131d,Depends on::Used by
d7c524a55304317faf42e12f3838b326,7c7c404ec422d03ef29a6339577bc55a,Depends on::Used by
3aa2e4f90e51f30dc6a7ee39c4b032cc,fce6850487f8424daae65fc176f2dbfe,Depends on::Used by
50c187fcce177b4e0837b8a3d261a7ab,5a2837b2cb8383f2bb96f6022b115c36,Depends on::Used by
3602f8ac10f1bc81448aaa9e66b2bc5b,4926ce5f78786140ac2a4f71a77d95f1,Depends on::Used by
e059a0ee9132b63ef16287e4e9c349e0,00257ad1eb2263dd87c5421eec24a3c5,Depends on::Used by
a7cad415366eb16f508ebad7b7c93acf,597e6845e27718c5737d1fb6d11376e0,Depends on::Used by
ea1fca65e27a984d654821d07fcd9eb1,f0df1684f28e41225894f7f139b86bb2,Depends on::Used by
95a76d79bf3c4c06434308bc89fa6a68,84dad06a7872bdeb2cd94cbbc19ad58c,Depends on::Used by
663f1c97956269f0e5d7b8756dadd6c7,08987462980cb95c19d45deb1139fa12,Depends on::Used by
dc98d2c1e2acf72f9e574f7aa0ee89ae,5a8aaeca1a50aec3aabc25fa3fe12e47,Depends on::Used by
b45ed1f03139d32c93cd59bf5c941cf0,9a3a61036e3c453214348f626cac028c,Depends on::Used by
3a578a8ea9488d990bbb259911ce5dd2,659b0105cb80f288446f64dd5abca6e5,Depends on::Used by
146d3f31fc377a4c4a15544dc5e7ce8a,c12169db2f12b150605fb1eb4cc57e0d,Depends on::Used by
19db3ad0ddd1dfb23b982ef8daf61a26,bcae8081bdf070aaf0b5156bb82c9074,Depends on::Used by
a2bc372f7412b29347294739614ff3d7,1869a217f94d8fcbdba3496ffa323f69,Depends on::Used by
5ec42e0829a3b2e95d65a441d58842de,bc36dc59e134edfc97777f10f2d2393f,Depends on::Used by
4458a885ab9099a435a240ae5af30553,c5c5b37af85e06a11dad09b252c21221,Depends on::Used by
a5e5a5abaefcfad8efc89849b3aa7efe,e8cda0cc76da3ca0d2e82f38a2a9d4d8,Depends on::Used by
2bcfbe01a28defe39bf0027312476f57,c27437eba65f7b8adbb44021fdde64af,Depends on::Used by
29d4beef3eabedcbbaa80dd488bd6407,21813d25655238a643ff50113d1a85dd,Depends on::Used by
fd5166e6451b4cf36123fdf77656af72,c64ee6e389c5b31aeb6c1016cee624d0,Depends on::Used by
8e944239b02b61c4a3d70628ece66fa2,652ffb493873e57f0ba078e84ef492c1,Depends on::Used by
d7c524a55304317faf42e12f3838b326,4e20fd1a598336e375d66ed4eb1fa9f2,Depends on::Used by
3aa2e4f90e51f30dc6a7ee39c4b032cc,89e06ab37250ee18260a5962dd81b7f5,Depends on::Used by
50c187fcce177b4e0837b8a3d261a7ab,a847bce790fa6b5724ac2130deaf528d,Depends on::Used by
3602f8ac10f1bc81448aaa9e66b2bc5b,3d8f95f4905f9096299656e24c9d6907,Depends on::Used by
e059a0ee9132b63ef16287e4e9c349e0,3b70b3a124a35cf29549c931e9af299d,Depends on::Used by
a7cad415366eb16f508ebad7b7c93acf,1413d64db962c8a7b076a7dcfd0ce433,Depends on::Used by
ea1fca65e27a984d654821d07fcd9eb1,618ae30595a5bafa431d029fac1e86d8,Depends on::Used by
95a76d79bf3c4c06434308bc89fa6a68,d7b102a92332a50e6992896e01a25ed1,Depends on::Used by
663f1c97956269f0e5d7b8756dadd6c7,c693da1139c6a1ca9e50aa42ca6dfda1,Depends on::Used by
dc98d2c1e2acf72f9e574f7aa0ee89ae,01547950176de21f1b46ebdc5c56d9bc,Depends on::Used by
b45ed1f03139d32c93cd59bf5c941cf0,d6b361e43b6dca0d6fe5040b1901ef87,Depends on::Used by
3a578a8ea9488d990bbb259911ce5dd2,a921cb4c95fbe976ae007b7e2f8c83e5,Depends on::Used by
146d3f31fc377a4c4a15544dc5e7ce8a,d9e604b38412a335d88c656db61e5fdb,Depends on::Used by
19db3ad0ddd1dfb23b982ef8daf61a26,b27b3d901a16342c3e2b6091a092f52a,Depends on::Used by
a2bc372f7412b29347294739614ff3d7,c715b2b9c40c5d9146fde062a33dc7af,Depends on::Used by
5ec42e0829a3b2e95d65a441d58842de,badcc32ac1590f538a0f4efbedcd465e,Depends on::Used by
4458a885ab9099a435a240ae5af30553,2dea2d2d086c405fa879d8f890422eb7,Depends on::Used by
a5e5a5abaefcfad8efc89849b3aa7efe,0b981ccd12b2102d940c350337c86152,Depends on::Used by
2bcfbe01a28defe39bf0027312476f57,688c7015aab97e494f2d479681d2c7de,Depends on::Used by
29d4beef3eabedcbbaa80dd488bd6407,504867babf7b539b0f9aea4b8acd4e10,Depends on::Used by
fd5166e6451b4cf36123fdf77656af72,1eb0e38a675dd5af3c365296dca02eec,Depends on::Used by
8e944239b02b61c4a3d70628ece66fa2,dd34aa1890019ed40bb401e769f753f1,Depends on::Used by
d7c524a55304317faf42e12f3838b326,6e218b099afd4015816bcb9f7426b193,Depends on::Used by
3aa2e4f90e51f30dc6a7ee39c4b032cc,f0eebcce8d93e14a5b1671583a67470c,Depends on::Used by
50c187fcce177b4e0837b8a3d261a7ab,93dfd9079416e4dcc6b28deff8d8b7f1,Depends on::Used by
3602f8ac10f1bc81448aaa9e66b2bc5b,d5385b0e34f3193c0ff0a55c6a702e2f,Depends on::Used by
e059a0ee9132b63ef16287e4e9c349e0,fb756923f910abb3f10532523990e2c9,Depends on::Used by
a7cad415366eb16f508ebad7b7c93acf,5cce5ba931d4ee098fd33afc91fdfa4f,Depends on::Used by
ea1fca65e27a984d654821d07fcd9eb1,12d0498d718d4d05e8e22743b65feea9,Depends on::Used by
95a76d79bf3c4c06434308bc89fa6a68,4bbe4aff9326dffd5be4bf5192698698,Depends on::Used by
663f1c97956269f0e5d7b8756dadd6c7,350843f08de08fc2c3e15a85d46ef104,Depends on::Used by
dc98d2c1e2acf72f9e574f7aa0ee89ae,1723199dbf2c14a03a3c8a71ff574e2b,Depends on::Used by
b45ed1f03139d32c93cd59bf5c941cf0,f5e4a4713fe68c9c4758367ba6499cdc,Depends on::Used by
3a578a8ea9488d990bbb259911ce5dd2,96fc734da003cd28ca8f3653c9af18f8,Depends on::Used by
146d3f31fc377a4c4a15544dc5e7ce8a,218c6e1c9e374f7ac42cbc39e05b46c5,Depends on::Used by
19db3ad0ddd1dfb23b982ef8daf61a26,bfbbb17f9854ce4e4ebfa5c3cae9b4a7,Depends on::Used by
a2bc372f7412b29347294739614ff3d7,a0c14035c5d95f51f387e1bd2d5972c6,Depends on::Used by
5ec42e0829a3b2e95d65a441d58842de,8fc85fc083d5bceb5edbb8eec2baf0e0,Depends on::Used by
4458a885ab9099a435a240ae5af30553,35ebd32d9ad620ab48212ddb45b89cd9,Depends on::Used by
a5e5a5abaefcfad8efc89849b3aa7efe,8f9b72aed85c16bd6dda4f8dcea60f4c,Depends on::Used by
2bcfbe01a28defe39bf0027312476f57,f76d15fd7d1645a0d253d966c36b9a0a,Depends on::Used by
29d4beef3eabedcbbaa80dd488bd6407,bf337a151e086f20bdd151b0f64ab6ec,Depends on::Used by
fd5166e6451b4cf36123fdf77656af72,fe2b34d82db0728d1e5ebe5459077299,Depends on::Used by
8e944239b02b61c4a3d70628ece66fa2,6aa42c9f921704753d959e3f5a5226e6,Depends on::Used by
d7c524a55304317faf42e12f3838b326,6243bed754ec3f338a624cbde582b678,Depends on::Used by
3aa2e4f90e51f30dc6a7ee39c4b032cc,504d281fc9535b63ba81edd9587ef344,Depends on::Used by
50c187fcce177b4e0837b8a3d261a7ab,ac8d6c7db2a6e468d02b124380913ac1,Depends on::Used by
3602f8ac10f1bc81448aaa9e66b2bc5b,b139c476de3ce88be6b9d31a361f6d90,Depends on::Used by
e059a0ee9132b63ef16287e4e9c349e0,10435a1098ae43346c12ace8ae340454,Depends on::Used by
a7cad415366eb16f508ebad7b7c93acf,6133a34d8b0e8eb1ad371d9e92cf6021,Depends on::Used by
ea1fca65e27a984d654821d07fcd9eb1,a93b12cd1c24220e2cabd7e7cc6b66e5,Depends on::Used by
95a76d79bf3c4c06434308bc89fa6a68,83599af65d01f55f67fd64c4a334058a,Depends on::Used by
663f1c97956269f0e5d7b8756dadd6c7,9f708368cb3cf8caa39257316b79afcc,Depends on::Used by
dc98d2c1e2acf72f9e574f7aa0ee89ae,6a07f2137129cec79b69554d7c54535f,Depends on::Used by
b45ed1f03139d32c93cd59bf5c941cf0,8cf6e8b87fd238c33ee82983d5574241,Depends on::Used by
3a578a8ea9488d990bbb259911ce5dd2,966b1964fcd6bdca5876fd09f1faf665,Depends on::Used by
146d3f31fc377a4c4a15544dc5e7ce8a,90a3fbbf7580e05067f1698cf5948a54,Depends on::Used by
19db3ad0ddd1dfb23b982ef8daf61a26,e0c1ff1e20da897258321ee48471b4b0,Depends on::Used by
a2bc372f7412b29347294739614ff3d7,daf481a7fa34d2e8dd3f7d7ea508dc95,Depends on::Used by
dc98d2c1e2acf72f9e574f7aa0ee89ae,0328c136629ef3d8dd1ca267530ddda6,Depends on::Used by
b45ed1f03139d32c93cd59bf5c941cf0,7e3d5ee444b64ec14d16f04944d7df9a,Depends on::Used by
3a578a8ea9488d990bbb259911ce5dd2,f1b88d65406f64d65c72aebd13b11e59,Depends on::Used by
146d3f31fc377a4c4a15544dc5e7ce8a,614077d39ec4ea48d773f98d550c2fe9,Depends on::Used by
19db3ad0ddd1dfb23b982ef8daf61a26,2d79a2d1506e50c77aa061e9336b00cb,Depends on::Used by
a2bc372f7412b29347294739614ff3d7,1d27c09a5d71a89864976593c92e8c93,Depends on::Used by
5ec42e0829a3b2e95d65a441d58842de,cb881c32cbb02a8bd908a121d1a7ba20,Depends on::Used by
4458a885ab9099a435a240ae5af30553,12ef61016082786fca00ef586c521d13,Depends on::Used by
a5e5a5abaefcfad8efc89849b3aa7efe,c4da2c2e1bffa27915c1604fea163354,Depends on::Used by
2bcfbe01a28defe39bf0027312476f57,82bbad8438d5101f423cad9d193e4783,Depends on::Used by
29d4beef3eabedcbbaa80dd488bd6407,eba900e16a7d5d964ba172331ac3bf31,Depends on::Used by
fd5166e6451b4cf36123fdf77656af72,18fdd2b979e5c9aa592a35497ba109d0,Depends on::Used by
3eb13b9046685257bdd640fb06671ad1,9ae77eab084a67809136f1f8f31046dc,Depends on::Used by
ad3c2d6d1a3d1fa7bc8960a923b8c1e9,c715b2b9c40c5d9146fde062a33dc7af,Depends on::Used by
dc98d2c1e2acf72f9e574f7aa0ee89ae,ffffffffffffffffffffffffffffffff,Depends on::Used by
